{"cameraMode":{"drawMode":0,"name":"Shaded","section":"Shading Mode"},"sceneLighting":true,"audioPlay":false,"sceneViewState":{"showFog":true,"showMaterialUpdate":false,"showSkybox":true,"showFlares":true,"showImageEffects":true,"showParticleSystems":true},"in2DMode":false,"pivot":{"x":0.2998868227005005,"y":0.3400813341140747,"z":-2.2647879123687746},"rotation":{"x":-0.029281243681907655,"y":0.9608802795410156,"z":-0.11177966743707657,"w":-0.2517082095146179},"size":3.3909943103790285,"orthographic":false}